rsID,Mapped gene,P-value,Location
rs924043,'-,8 x 10-9,6:170063801
rs11755527,BACH2,5 x 10-12,6:90248512
rs9388489,CENPW,4 x 10-13,6:126377573
rs9268645,HLA-DRA,1 x 10-100,6:32440750
rs73043122,"RNASET2, MIR3939",4 x 10-6,6:166969779
rs114631266,"OR2P1P, OR2W1",2 x 10-6,6:29058810
rs2471863,"HLA-U, HLA-K",8 x 10-7,6:29931850
rs34941730,"HLA-W, HLA-A",2 x 10-9,6:29946109
rs45626136,"RPP21, TRIM39-RPP21",1 x 10-6,6:30345252
rs116020851,"HCG21, SFTA2",3 x 10-7,6:30954755
rs1265057,"RNU6-1133P, C6orf15",2 x 10-6,6:31110838
rs116763857,POU5F1,1 x 10-14,6:31173705
rs9264758,RPL3P2,3 x 10-7,6:31280657
rs9501130,"HCP5, LINC01149",2 x 10-11,6:31449679
rs3093664,TNF,3 x 10-7,6:31576865
rs3134938,"NOTCH4, TSBP1-AS1",8 x 10-7,6:32238711
rs926592,"TSBP1-AS1, TSBP1",6 x 10-6,6:32337881
rs3135365,"HLA-DRA, TSBP1-AS1",9 x 10-6,6:32421478
rs9268576,"TSBP1-AS1, HLA-DRA",2 x 10-8,6:32427864
rs7760731,"HLA-DRB1, HLA-DQA1",6 x 10-11,6:32615624
rs9275358,"MTCO3P1, HLA-DQB1",3 x 10-7,6:32700118
rs35122968,"HLA-DQB3, MTCO3P1",4 x 10-11,6:32714422
rs3997848,"MTCO3P1, HLA-DQB3",2 x 10-14,6:32714617
rs241427,TAP2,4 x 10-6,6:32836637
rs4148870,TAP2,2 x 10-6,6:32838614
rs3128930,"HLA-DPB2, COL11A2P1",7 x 10-6,6:33107889
rs78824139,EYS,9 x 10-6,6:64748694
rs1050979,IRF4,6 x 10-14,6:410417
rs12203596,STMND1,6 x 10-6,6:17120009
rs9356171,RN7SL366P,9 x 10-6,6:163922743
rs9268853,HLA-DRB9,2 x 10-23,6:32461866
rs2523989,"TRIM31, TRIM31-AS1",2 x 10-8,6:30110498
rs886424,LINC00243,3 x 10-14,6:30814225
rs2251396,"MICA, HLA-S",1 x 10-22,6:31396930
rs2857595,"NCR3, UQCRHP1",2 x 10-23,6:31600692
rs1270942,CFB,5 x 10-25,6:31951083
rs1980493,"TSBP1-AS1, BTNL2",2 x 10-20,6:32395438
rs1015166,TAP2,4 x 10-22,6:32830954
rs2647044,"HLA-DQB1, MTCO3P1",1 x 10-16,6:32700133
rs3757247,BACH2,1 x 10-6,6:90247744
rs9273367,"HLA-DQB1, HLA-DQA1",6 x 10-306,6:32658661
rs17711850,BACH2,2 x 10-9,6:90155151
rs72928038,BACH2,6 x 10-14,6:90267049
rs1538171,"CENPW, MIR588",7 x 10-10,6:126431738
rs138748427,"HLA-DRB5, HLA-DRB9",3 x 10-9,6:32516743
rs9273363,"HLA-DQA1, HLA-DQB1",5 x 10-138,6:32658495
rs1578060,"MIR588, CENPW",2 x 10-6,6:126391101
rs9405661,"IRF4, EXOC2",2 x 10-9,6:424915
rs212408,TAGAP-AS1,1 x 10-15,6:159049210
rs12665429,LINC02539,1 x 10-13,6:137682468
rs4320356,BTN2A3P,3 x 10-8,6:26423332
rs1770,"HLA-DQB1, HLA-DQB1-AS1",2 x 10-232,6:32660056
rs3761980,"MAPK14, SLC26A8",9 x 10-8,6:36026129
rs80028505,MAPK14,3 x 10-8,6:36030611
rs11154178,TRDN,2 x 10-7,6:123540174
rs61211515,"TRIM31-AS1, TRIM40",1 x 10-7,6:30133199
rs9260151,HLA-A,8 x 10-8,6:29943253
rs3135002,"HLA-DQB1, MTCO3P1",7 x 10-8,6:32700662
rs6931865,PHACTR2,4 x 10-6,6:143758717
rs138181578,RUNX2,7 x 10-7,6:45758094
rs9354144,'-,6 x 10-6,6:94847753
rs9272346,HLA-DQA1,5 x 10-134,6:32636595
rs13217044,PDE10A,4 x 10-6,6:8226764
rs9273368,"HLA-DQB1, HLA-DQA1",3 x 10-78,6:32658698
rs118124843,VARS2,4 x 10-8,6:30919688